Data Field Name,Survey Question,Data Options,Data Options Notes
survey_id,Unique survey ID,automated response,This field identifies each unique survey
survey_date,Survey Date,automated response,Survey Date
survey_time,Data Collection Time,automated response,Survey Time
gps_point_category,Category of GPS Point Location,permanent home,permanent home locations
gps_point_category,Category of GPS Point Location,seasonal home,seasonal home locations
gps_point_category,Category of GPS Point Location,overnight lodging,"overnight lodging locations, such as hotel, motel, vacation rental"
gps_point_category,Category of GPS Point Location,survey location,the location where the survey was taken
survey_location,Survey Locations,automated response,Survey Location
survey_rejected,Survey rejected?,yes,Was the survey rejected? Surveys with 'yes' were rejected and do not have any survey data
survey_rejected,Survey rejected?,no,Was the survey rejected? Surveys with 'no' were not rejected and have survey data
person_type,What type of resident or visitor are you?,Full Time Resident,This option is self-reported by the respondent
person_type,What type of resident or visitor are you?,Seasonal Resident,This option is self-reported by the respondent
person_type,What type of resident or visitor are you?,Commuter,This option is self-reported by the respondent
person_type,What type of resident or visitor are you?,Overnight Visitor,This option is self-reported by the respondent
person_type,What type of resident or visitor are you?,Day Visitor,This option is self-reported by the respondent
lodging_type,What best describes where you are staying/living in the Tahoe Basin?,Campground,
lodging_type,What best describes where you are staying/living in the Tahoe Basin?,Vacation Rental,
lodging_type,What best describes where you are staying/living in the Tahoe Basin?,Friend's Residence,
lodging_type,What best describes where you are staying/living in the Tahoe Basin?,Hotel,
lodging_type,What best describes where you are staying/living in the Tahoe Basin?,Secondary Home,
lodging_type,What best describes where you are staying/living in the Tahoe Basin?,Rental Unit,
lodging_type,What best describes where you are staying/living in the Tahoe Basin?,Timeshare,
lodging_type,What best describes where you are staying/living in the Tahoe Basin?,Other,
lodging_type_other,What best describes where you are staying/living in the Tahoe Basin? Option not listed.,text entry,
city,Home City,automated response,home city of survey respondent
country,Home Country,automated response,home country of survey respondent
US_state,Home State,automated response,home U.S. state of survey respondent
commute_days, How many days per week do you commute to Tahoe for work?,one,one
commute_days, How many days per week do you commute to Tahoe for work?,two,two
commute_days, How many days per week do you commute to Tahoe for work?,three,three
commute_days, How many days per week do you commute to Tahoe for work?,four,four
commute_days, How many days per week do you commute to Tahoe for work?,five,five
commute_days, How many days per week do you commute to Tahoe for work?,six,six
commute_days, How many days per week do you commute to Tahoe for work?,seven,seven
commute_length,How long does it typically take to commute to work?,0_30_mins,0-30 minutes
commute_length,How long does it typically take to commute to work?,30_45_mins,30-45 minutes
commute_length,How long does it typically take to commute to work?,45_60_mins,45-60 minutes
commute_length,How long does it typically take to commute to work?,1_1.5_hrs,1-1.5 hours
commute_length,How long does it typically take to commute to work?,1.5_2_hrs,1.5-2 hours
commute_length,How long does it typically take to commute to work?,2_2.5_hrs,2-2.5 hours
commute_length,How long does it typically take to commute to work?,2.5_3_hrs,2.5-3 hours
commute_length,How long does it typically take to commute to work?,over_3_hrs,over 3 hours
stay_length_visitor,How many nights will you be staying?,one,One
stay_length_visitor,How many nights will you be staying?,two,Two
stay_length_visitor,How many nights will you be staying?,three,Three
stay_length_visitor,How many nights will you be staying?,four,Four
stay_length_visitor,How many nights will you be staying?,five,Five
stay_length_visitor,How many nights will you be staying?,six,Six
stay_length_visitor,How many nights will you be staying?,seven,Seven
stay_length_visitor,How many nights will you be staying?,more than 7,More than a week
stay_length,How often do you live in Tahoe on an annual basis?,less than 1,Less than a month
stay_length,How often do you live in Tahoe on an annual basis?,1_2,1-2 Months
stay_length,How often do you live in Tahoe on an annual basis?,3_4,3-4 Months
stay_length,How often do you live in Tahoe on an annual basis?,5_6,5-6 Months
stay_length,How often do you live in Tahoe on an annual basis?,7_8,7-8 Months
stay_length,How often do you live in Tahoe on an annual basis?,9_10,9-10 Months
stay_length,How often do you live in Tahoe on an annual basis?,11_12,11-12 Months
vist_numb,How many times have you visited Lake Tahoe over the past year?,once,1 Time
vist_numb,How many times have you visited Lake Tahoe over the past year?,two_three,2-3 Times
vist_numb,How many times have you visited Lake Tahoe over the past year?,four_five,4-5 Times 
vist_numb,How many times have you visited Lake Tahoe over the past year?,six_seven,6-7 Times
vist_numb,How many times have you visited Lake Tahoe over the past year?,seven_eight,7-8 Times
vist_numb,How many times have you visited Lake Tahoe over the past year?,eight_nine,8-9 Times
vist_numb,How many times have you visited Lake Tahoe over the past year?,ten_or_more,10 or More
entry_travel_mode,What was your primary means of travel to enter the Tahoe Basin?,bike,Bike
entry_travel_mode,What was your primary means of travel to enter the Tahoe Basin?,vehicle,Car/Truck/Van
entry_travel_mode,What was your primary means of travel to enter the Tahoe Basin?,gondola,Gondola
entry_travel_mode,What was your primary means of travel to enter the Tahoe Basin?,private,Private Shuttle
entry_travel_mode,What was your primary means of travel to enter the Tahoe Basin?,public,Public Transit
entry_travel_mode,What was your primary means of travel to enter the Tahoe Basin?,uber,Ride Share (uber/lyft)
entry_travel_mode,What was your primary means of travel to enter the Tahoe Basin?,walk,Walk
entry_travel_mode,What was your primary means of travel to enter the Tahoe Basin?,other,Other
entry_travel_mode_other,What was your primary means of travel to enter the Tahoe Basin? Mode not listed.,text entry,
home_travel_time,Roughly how long did it take you to get from your home to your primary destination in Tahoe?,0_30_mins,0-30 minutes
home_travel_time,Roughly how long did it take you to get from your home to your primary destination in Tahoe?,30_45_mins,30-45 minutes
home_travel_time,Roughly how long did it take you to get from your home to your primary destination in Tahoe?,45_60_mins,45-60 minutes
home_travel_time,Roughly how long did it take you to get from your home to your primary destination in Tahoe?,1_1.5_hrs,1-1.5 hours
home_travel_time,Roughly how long did it take you to get from your home to your primary destination in Tahoe?,1.5_2_hrs,1.5-2 hours
home_travel_time,Roughly how long did it take you to get from your home to your primary destination in Tahoe?,2_2.5_hrs,2-2.5 hours
home_travel_time,Roughly how long did it take you to get from your home to your primary destination in Tahoe?,2.5_3_hrs,2.5-3 hours
home_travel_time,Roughly how long did it take you to get from your home to your primary destination in Tahoe?,over_3_hrs,over 3 hours
highway,Which highway/pass did you use to enter the basin?,kingsbury_grade,SR 207/Kingsbury grade
highway,Which highway/pass did you use to enter the basin?,kings_beach,SR 267 Kings Beach
highway,Which highway/pass did you use to enter the basin?,mount_rose,SR 431 Mount Rose Highway
highway,Which highway/pass did you use to enter the basin?,tahoe_city,SR 89 Tahoe City
highway,Which highway/pass did you use to enter the basin?,south_50,US 50 South Lake 
highway,Which highway/pass did you use to enter the basin?,spooner,US 50 Spooner
highway,Which highway/pass did you use to enter the basin?,south_89,US 89 South Lake
origin,Where were you right before you made the trip to this location?,medical,Medical
origin,Where were you right before you made the trip to this location?,personal,Personal Business/Errand
origin,Where were you right before you made the trip to this location?,recreation,Recreation/Social Visit
origin,Where were you right before you made the trip to this location?,restaurant,Restaurant/Eating/Drinking
origin,Where were you right before you made the trip to this location?,School,School/College
origin,Where were you right before you made the trip to this location?,shopping,Shopping
origin,Where were you right before you made the trip to this location?,work,Work
origin,Where were you right before you made the trip to this location?,other,Other
origin_other,Where were you right before you made the trip to this location? Origin not listed.,text entry,
origin_place,What is the name of the place you came from?,text entry,
trip_mode,What was your means of transportation to get to this location?,flight,Airplane
trip_mode,What was your means of transportation to get to this location?,bike,Bike
trip_mode,What was your means of transportation to get to this location?,casino,Casino Shuttle
trip_mode,What was your means of transportation to get to this location?,ferry,Ferry or Boat
trip_mode,What was your means of transportation to get to this location?,gondola,Gondola
trip_mode,What was your means of transportation to get to this location?,motorcycle,Motorcycle/Moped
trip_mode,What was your means of transportation to get to this location?,vehicle,Personal Vehicle
trip_mode,What was your means of transportation to get to this location?,private,"Private Shuttle (van, shuttle, or bus)"
trip_mode,What was your means of transportation to get to this location?,public,Public Bus
trip_mode,What was your means of transportation to get to this location?,para,"Public Para Transit (van, shuttle, or bus)"
trip_mode,What was your means of transportation to get to this location?,uber,Ride Share (uber/lyft)
trip_mode,What was your means of transportation to get to this location?,scoot,Scooter
trip_mode,What was your means of transportation to get to this location?,taxi,Taxi/Limo
trip_mode,What was your means of transportation to get to this location?,walk,Walk
trip_mode,What was your means of transportation to get to this location?,trv_other,Other
trip_mode_other,What was your means of transportation to get to this location? Mode not listed.,text entry,
trip_purpose,What is your primary purpose of this specific trip to this location?,home,"At home activities (sleeping, watching TV, eating, personal care)"
trip_purpose,What is your primary purpose of this specific trip to this location?,casino,Casino gaming
trip_purpose,What is your primary purpose of this specific trip to this location?,community,Community/political meeting
trip_purpose,What is your primary purpose of this specific trip to this location?,dropping_off,Dropping off someone
trip_purpose,What is your primary purpose of this specific trip to this location?,restaurant,Eating/drinking at restaurant/bar
trip_purpose,What is your primary purpose of this specific trip to this location?,entertainment,"Entertainment (movie, sports event, show)"
trip_purpose,What is your primary purpose of this specific trip to this location?,indoor_rec,"Indoor recreation (bowling, ice skating, yoga)"
trip_purpose,What is your primary purpose of this specific trip to this location?,loop,Loop trip (walking dog around block)
trip_purpose,What is your primary purpose of this specific trip to this location?,major_shop,"Major shopping (appliance, car, furniture)"
trip_purpose,What is your primary purpose of this specific trip to this location?,medical,Medical
trip_purpose,What is your primary purpose of this specific trip to this location?,minor_shop,"Minor shopping (grocery, souvenir, coffee, gas)"
trip_purpose,What is your primary purpose of this specific trip to this location?,outdoor_rec,"Outdoor recreation (hiking, walking, beach, swimming, biking)"
trip_purpose,What is your primary purpose of this specific trip to this location?,personal,"Personal business (bank, pay bill)"
trip_purpose,What is your primary purpose of this specific trip to this location?,picking_up,Picking up someone
trip_purpose,What is your primary purpose of this specific trip to this location?,tourist_stop,Quick stop for viewpoint or photo opportunity
trip_purpose,What is your primary purpose of this specific trip to this location?,religious,Religious
trip_purpose,What is your primary purpose of this specific trip to this location?,ride_along,Ride along with someone on their trip
trip_purpose,What is your primary purpose of this specific trip to this location?,school,School
trip_purpose,What is your primary purpose of this specific trip to this location?,friend,Visiting friend/relative
trip_purpose,What is your primary purpose of this specific trip to this location?,work,Work 
trip_purpose,What is your primary purpose of this specific trip to this location?,work_related,Work Related
trip_purpose,What is your primary purpose of this specific trip to this location?,other,Other
trip_purpose_other,What is your primary purpose of this specific trip to this location? Purpose not listed.,text entry,
trip_travel_time,How long did it take to get to this location?,5,5 minutes
trip_travel_time,How long did it take to get to this location?,10,10 minutes
trip_travel_time,How long did it take to get to this location?,15,15 minutes
trip_travel_time,How long did it take to get to this location?,30,30 minutes
trip_travel_time,How long did it take to get to this location?,45,45 minutes
trip_travel_time,How long did it take to get to this location?,one_hour,1 hour
trip_travel_time,How long did it take to get to this location?,over_hour,>1 hour
stay_duration,How long will you or did you stay at this location?,0_5_mins,Less than 5 minutes
stay_duration,How long will you or did you stay at this location?,5_15_mins,5-15 minutes
stay_duration,How long will you or did you stay at this location?,30_60_mins,30-60 minutes
stay_duration,How long will you or did you stay at this location?,1_2_hrs,1-2 hours
stay_duration,How long will you or did you stay at this location?,2_3_hrs,2-3 hours
stay_duration,How long will you or did you stay at this location?,half_day,Half day
stay_duration,How long will you or did you stay at this location?,full_day,Full day
stay_duration,How long will you or did you stay at this location?,multi-day,Multiple Days
depart_trip,Which area do you plan to go to after you leave this site?,home,Back to home/overnight lodging
depart_trip,Which area do you plan to go to after you leave this site?,east shore,"East shore (glenbrook, zephyr cove)"
depart_trip,Which area do you plan to go to after you leave this site?,north shore,"North shore (incline village, tahoe vista, carnelian bay)"
depart_trip,Which area do you plan to go to after you leave this site?,out of basin,Out of the basin
depart_trip,Which area do you plan to go to after you leave this site?,south shore,"South shore (south lake tahoe, stateline, meyers)"
depart_trip,Which area do you plan to go to after you leave this site?,west shore,"West shore (tahoe city, homewood, tahoma)"
visitor_purpose,What is the primary purpose of your visit to Tahoe?,personal,Personal Business
visitor_purpose,What is the primary purpose of your visit to Tahoe?,vacation,Recreation/Vacation/Relaxation
visitor_purpose,What is the primary purpose of your visit to Tahoe?,visit friends or family,Visit Friends/Family
visitor_purpose,What is the primary purpose of your visit to Tahoe?,work,Work
visitor_purpose,What is the primary purpose of your visit to Tahoe?,other,Other
visitor_purpose_other,What is the primary purpose of your visit to Tahoe? Purpose not listed.,text entry,
vehicle_size,"If you traveled to Tahoe in a vehicle, how many total people were in that vehicle, including yourself?",one,
vehicle_size,"If you traveled to Tahoe in a vehicle, how many total people were in that vehicle, including yourself?",two,
vehicle_size,"If you traveled to Tahoe in a vehicle, how many total people were in that vehicle, including yourself?",three,
vehicle_size,"If you traveled to Tahoe in a vehicle, how many total people were in that vehicle, including yourself?",four,
vehicle_size,"If you traveled to Tahoe in a vehicle, how many total people were in that vehicle, including yourself?",five,
vehicle_size,"If you traveled to Tahoe in a vehicle, how many total people were in that vehicle, including yourself?",six,
vehicle_size,"If you traveled to Tahoe in a vehicle, how many total people were in that vehicle, including yourself?",more_than_six,
travel_size,"How many people traveled with you to this location, including yourself?",one,
travel_size,"How many people traveled with you to this location, including yourself?",two,
travel_size,"How many people traveled with you to this location, including yourself?",three,
travel_size,"How many people traveled with you to this location, including yourself?",four,
travel_size,"How many people traveled with you to this location, including yourself?",five,
travel_size,"How many people traveled with you to this location, including yourself?",six,
travel_size,"How many people traveled with you to this location, including yourself?",more_than_six,
travel_size_children,How many children (under 18) are in your party?,zero,
travel_size_children,How many children (under 18) are in your party?,one,
travel_size_children,How many children (under 18) are in your party?,two,
travel_size_children,How many children (under 18) are in your party?,three,
travel_size_children,How many children (under 18) are in your party?,four,
travel_size_children,How many children (under 18) are in your party?,five,
travel_size_children,How many children (under 18) are in your party?,six,
travel_size_children,How many children (under 18) are in your party?,more_than_six,
visitor_spending,How much money do you anticipate to spend while in Tahoe? ,less_fivehud,<$500
visitor_spending,How much money do you anticipate to spend while in Tahoe? ,one_thous,"$501-$1,000"
visitor_spending,How much money do you anticipate to spend while in Tahoe? ,two_thous,"$1,001-$2,000"
visitor_spending,How much money do you anticipate to spend while in Tahoe? ,over_two,">$2,000"
employment_type,Describe your type of employment.,construct,Construction
employment_type,Describe your type of employment.,gaming,Gaming (any employment with casino)
employment_type,Describe your type of employment.,govern,Government
employment_type,Describe your type of employment.,profess,"Professional Services (architect, lawyer, engineer, business, finance, scientist, etc)"
employment_type,Describe your type of employment.,recreation,Recreation
employment_type,Describe your type of employment.,retail,Retail
employment_type,Describe your type of employment.,retired,Retired
employment_type,Describe your type of employment.,selfemployed,Self-Employed
employment_type,Describe your type of employment.,service,"Service (restaurant, bar, tourism, etc)"
employment_type,Describe your type of employment.,other,Other
employtype_other,Describe your type of employment. Type not listed.,text entry,
employment_status,Employment status?,homemaker,Full-time Homemaker
employment_status,Employment status?,full_tim,Employed full-time
employment_status,Employment status?,part_time,Employed part-time
employment_status,Employment status?,reg_voln,Regular Volunteer
employment_status,Employment status?,retired,"Retired, not working"
employment_status,Employment status?,unemp_look,"Unemployed, looking for work"
employment_status,Employment status?,unemp_nlok,"Unemployed, not looking for work"
age,Age?,less_24,17-24
age,Age?,under_34,25-34
age,Age?,under_44,35-44
age,Age?,under_54,45-54
age,Age?,under_64,55-64
age,Age?,over_65,65 or more
income,Household Income?,less_10,Less then $10K
income,Household Income?,at_10_20,"$10K-$19,999K"
income,Household Income?,at_20_34,"$20K-$34,999K"
income,Household Income?,at_35_49,"$35K-$49,999K"
income,Household Income?,at_50_74,"$50K-$74,999K"
income,Household Income?,at_75_99,"$75K-$99,999K"
income,Household Income?,at_100_149,"$100K-$149,999K"
income,Household Income?,at_150_299,"$150K-$299,999K"
income,Household Income?,at_300_499,"$300K-$499,999K"
income,Household Income?,over_500,Over $500K
longitude,Longitude,automated response,longitude of GPS point location. Datum is NAD 1983
latitude,Latitude,automated response,latitude of GPS point location. Datum is NAD 1983
